Index,Name,Form,Pokemon Number,Gender,CP,HP,Atk IV,Def IV,Sta IV,IV Avg,Level Min,Level Max,Quick Move,Charge Move,Charge Move 2,Scan Date,Original Scan Date,Catch Date,Weight,Height,Lucky,Shadow/Purified,Favorite,Dust,Rank % (G),Rank # (G),Stat Prod (G),Dust Cost (G),Candy Cost (G),Name (G),Form (G),Sha/Pur (G),Rank % (U),Rank # (U),Stat Prod (U),Dust Cost (U),Candy Cost (U),Name (U),Form (U),Sha/Pur (U),Rank % (L),Rank # (L),Stat Prod (L),Dust Cost (L),Candy Cost (L),Name (L),Form (L),Sha/Pur (L),Marked for PvP use
1,Eevee,,133,♂,562,94,5,9,8,48.9,21.0,21.0,,,,"2023-02-01 19:01","2023-02-01 19:00",2/1/2023,4.66kg,.22m,0,0,0,3000,73.80%,1074,95.96%,42000,63,Umbreon,,0,81.10%,775,97.09%,75000,91,Vaporeon,,0,,,,,,,,,
2,Tauros,,128,♂,1822,131,6,9,12,60.0,26.0,26.0,,,,"2023-02-01 19:00","2023-02-01 19:00",2/1/2023,106.94kg,3.58m,0,0,0,4000,,,,,,,,,78.56%,879,97.38%,217000,214,Tauros,,0,,,,,,,,,
3,Tauros,,128,♂,1822,131,,,,59.4,26.0,26.0,Tackle,Earthquake,,"2023-02-01 19:00","2023-02-01 19:00",,106.94kg,1.58m,0,0,0,4000,,,,,,,,,70.92%,250,98.43%,217000,214,Tauros,,0,,,,,,,,,
4,Tauros,,128,♂,2112,138,6,15,8,64.4,30.0,30.0,Zen Headbutt,Horn Attack,,"2023-02-01 19:00","2023-02-01 19:00",2/1/2023,125.02kg,1.67m,0,0,0,5000,,,,,,,,,86.69%,546,97.83%,170000,182,Tauros,,0,,,,,,,,,
5,Pikachu,Normal,25,♀,113,35,5,13,10,62.2,5.0,5.0,Quick Attack,Thunderbolt,,"2023-02-01 19:00","2023-02-01 19:00",2/1/2023,5.55kg,0.41m,0,0,0,600,81.07%,776,95.95%,77600,129,Raichu,Normal,0,77.36%,928,91.40%,517600,346,Raichu,Normal,0,78.05%,900,94.10%,45100,50,Pikachu,Normal,0,
6,Castform,Normal,351,♀,629,91,12,13,11,80.0,14.0,14.0,Tackle,Hurricane,,"2023-02-01 19:00","2023-02-01 19:00",2/1/2023,0.65kg,0.28m,0,0,0,1600,39.10%,2495,94.53%,185600,184,Castform,Normal,0,95.68%,178,94.31%,499600,272,Castform,Normal,0,,,,,,,,,
7,Togepi,,175,♂,365,74,14,13,13,88.9,20.0,20.0,,,,"2023-02-01 19:00","2023-02-01 19:00",2/1/2023,1.15kg,026m,0,0,0,2500,41.76%,2386,94.32%,103000,117,Togetic,,0,70.16%,1223,96.34%,43000,163,Togekiss,,0,24.42%,3096,88.86%,47000,42,Togepi,,0,
8,Electrike,,309,♂,145,39,13,9,3,55.6,6.0,6.0,,,,"2023-02-01 17:24","2023-02-01 17:24",2/1/2023,,,0,0,0,600,8.35%,3754,92.11%,61900,115,Manectric,Normal,0,61.59%,1574,94.22%,516400,344,Manectric,Normal,0,63.42%,1499,93.01%,2800,54,Manectric,Normal,0,
9,Ponyta,Normal,77,♀,607,68,8,9,0,37.8,14.0,14.0,,,,"2023-02-01 17:24","2023-02-01 17:24",2/1/2023,,,0,0,0,1600,26.86%,2996,93.75%,229600,242,Ponyta,Normal,0,25.05%,3070,94.48%,455600,322,Rapidash,Normal,0,,,,,,,,,
10,Meltan,,808,,365,64,5,10,0,33.3,14.0,14.0,,,,"2023-02-01 15:54","2023-02-01 15:54",2/1/2023,3.76kg,017m,0,0,0,1600,31.36%,2812,93.84%,5100,406,Melmetal,,0,28.42%,2932,94.87%,63600,458,Melmetal,,0,57.70%,1733,92.49%,19600,20,Meltan,,0,
11,Meltan,,808,,365,64,,,,30.7,14.0,14.0,Thunder Shock,Thunderbolt,,"2023-02-01 15:54","2023-02-01 15:54",,3.76kg,0.17m,0,0,0,1600,23.46%,1912,94.94%,5100,406,Melmetal,,0,21.18%,1791,95.98%,63600,458,Melmetal,,0,40.75%,719,94.38%,19600,20,Meltan,,0,
12,Meltan,,808,,580,87,,,,45.1,22.0,22.0,,,,"2023-02-01 15:53","2023-02-01 15:53",,9.73kg,031m,0,0,0,3000,38.55%,1862,84.31%,464000,238,Meltan,,0,61.08%,288,97.89%,28000,424,Melmetal,,0,,,,,,,,,
13,Meltan,,808,,580,87,,,,45.1,22.0,22.0,Thunder Shock,Flash Cannon,,"2023-02-01 15:53","2023-02-01 15:53",,9.73kg,0.21m,0,0,0,3000,38.55%,1862,84.31%,464000,238,Meltan,,0,61.08%,288,97.89%,28000,424,Melmetal,,0,,,,,,,,,
14,Helioptile,,694,♀,751,99,,,,60.0,31.0,32.5,Quick Attack,Thunderbolt,,"2023-02-01 15:52","2023-02-01 15:52",,9.26kg,0.61m,0,0,0,6000,69.08%,681,88.08%,390000,174,Helioptile,,0,31.81%,1319,96.64%,159000,224,Heliolisk,,0,,,,,,,,,
15,Meltan,,808,,371,68,,,,72.7,13.0,13.0,Thunder Shock,Flash Cannon,,"2023-02-01 15:51","2023-02-01 15:51",,6.33kg,0.18m,0,0,0,1600,68.57%,394,97.23%,6400,408,Melmetal,,0,57.61%,539,97.41%,58800,456,Melmetal,,0,67.84%,197,96.14%,16200,18,Meltan,,0,
16,Meltan,,808,,283,55,12,15,1,62.2,10.0,10.0,Thunder Shock,Flash Cannon,,"2023-02-01 15:51","2023-02-01 15:51",2/1/2023,7.4kg,0.2m,0,0,0,1000,58.85%,1686,95.21%,13600,418,Melmetal,,0,38.02%,2539,95.26%,66000,466,Melmetal,,0,45.23%,2244,91.66%,23400,28,Meltan,,0,
17,Meltan,,808,,341,66,8,13,13,75.6,12.0,12.0,Thunder Shock,Flash Cannon,,"2023-02-01 15:51","2023-02-01 15:51",2/1/2023,6.58kg,0.17m,0,0,0,1300,85.05%,613,96.76%,9000,412,Melmetal,,0,78.75%,871,96.94%,61400,460,Melmetal,,0,83.20%,689,94.46%,18800,22,Meltan,,0,
18,Meltan,,808,,72,29,11,7,7,55.6,3.0,3.0,Thunder Shock,Thunderbolt,,"2023-02-01 15:35","2023-02-01 15:33",2/1/2023,8.13kg,0.2m,0,0,0,400,19.05%,3316,93.11%,22800,432,Melmetal,,0,46.69%,2184,95.61%,79200,483,Melmetal,,0,46.37%,2197,91.75%,34800,44,Meltan,,0,
19,Meltan,,808,,43,23,6,14,12,71.1,2.0,2.0,,,,"2023-02-01 15:35","2023-02-01 15:33",2/1/2023,8.59kg,021m,0,0,0,200,68.94%,1273,95.73%,23200,434,Melmetal,,0,58.27%,1710,96.06%,75600,482,Melmetal,,0,75.68%,997,93.79%,33000,44,Meltan,,0,
20,Meltan,,808,,387,66,9,13,3,55.6,14.0,14.0,Thunder Shock,Flash Cannon,,"2023-02-01 15:35","2023-02-01 15:34",2/1/2023,11.35kg,0.23m,0,0,0,1600,30.13%,2862,93.77%,3200,404,Melmetal,,0,71.99%,1148,96.61%,59600,455,Melmetal,,0,64.66%,1448,92.97%,15200,16,Meltan,,0,
21,Meltan,,808,,587,85,7,14,9,66.7,21.0,21.0,Thunder Shock,Thunderbolt,,"2023-02-01 15:34","2023-02-01 15:34",2/1/2023,7.55kg,0.19m,0,0,0,3000,82.86%,703,89.31%,470000,244,Meltan,,0,41.59%,2393,95.42%,26000,424,Melmetal,,0,,,,,,,,,
22,Wailmer,,320,♂,287,108,3,7,11,46.7,8.0,8.0,,,,"2023-02-01 15:34","2023-02-01 15:34",2/1/2023,,,0,1,0,961,85.45%,597,96.41%,3000,363,Wailord,,2,60.76%,1608,91.47%,402600,573,Wailord,,2,77.48%,923,93.98%,961,402,Wailord,,1,
23,Meltan,,808,,310,62,15,1,11,60.0,11.0,11.0,Thunder Shock,Flash Cannon,,"2023-02-01 15:33","2023-02-01 15:32",2/1/2023,11.82kg,0.23m,0,0,0,1300,19.00%,3318,93.10%,11600,416,Melmetal,,0,1.95%,4016,92.92%,64000,464,Melmetal,,0,4.40%,3916,87.89%,21400,26,Meltan,,0,
24,Meltan,,808,,336,66,3,5,8,35.6,13.0,13.0,Thunder Shock,Thunderbolt,,"2023-02-01 15:32","2023-02-01 15:32",2/1/2023,4.68kg,0.16m,0,0,0,1600,34.33%,2690,93.99%,8300,410,Melmetal,,0,89.96%,412,97.64%,70800,466,Melmetal,,0,59.46%,1661,92.60%,22800,24,Meltan,,0,
25,Blitzle,,522,♀,495,82,15,15,10,88.9,20.0,20.0,,,,"2023-02-01 15:30","2023-02-01 11:12",1/31/2023,28.31kg,9.78m,0,0,0,2500,25.71%,3043,94.01%,8000,57,Zebstrika,,0,50.65%,2022,95.27%,289000,298,Zebstrika,,0,52.21%,1958,92.31%,0,0,Blitzle,,0,
26,Blitzle,,522,♀,11,13,6,13,13,71.1,1.0,1.0,Quick Attack,Thunderbolt,,"2023-02-01 15:29","2023-02-01 15:27",1/31/2023,14.44kg,0.59m,0,0,0,200,76.17%,977,96.37%,59000,119,Zebstrika,,0,93.36%,273,97.93%,421000,354,Zebstrika,,0,90.60%,386,95.67%,53000,63,Blitzle,,0,
27,Meltan,,808,,288,60,11,10,14,77.8,10.0,10.0,Thunder Shock,Thunderbolt,,"2023-02-01 15:28","2023-02-01 15:28",2/1/2023,8.92kg,0.2m,0,0,0,1000,82.20%,730,96.55%,13600,418,Melmetal,,0,74.31%,1053,96.73%,66000,466,Melmetal,,0,41.54%,2395,91.43%,21200,26,Meltan,,0,
28,Blitzle,,522,♂,270,62,13,15,12,88.9,11.0,11.0,Spark,Thunderbolt,,"2023-02-01 15:24","2023-02-01 11:12",1/31/2023,23.87kg,0.69m,0,0,0,1300,24.81%,3080,93.97%,41000,93,Zebstrika,,0,71.06%,1186,96.26%,334000,334,Zebstrika,,0,48.42%,2113,92.03%,33000,36,Blitzle,,0,
29,Beldum,,374,,11,11,1,6,1,17.8,1.0,1.0,,,,"2023-02-01 15:21","2023-02-01 15:21",2/1/2023,,,0,0,0,200,71.75%,1158,96.18%,312000,329,Metang,,0,60.54%,1617,96.11%,80000,212,Metagross,,0,54.73%,1855,92.78%,56000,66,Beldum,,0,
30,Meltan,,808,,403,70,9,4,7,44.4,15.0,15.0,Thunder Shock,Flash Cannon,,"2023-02-01 15:20","2023-02-01 15:20",2/1/2023,6.11kg,0.17m,0,0,0,1900,60.32%,1626,95.29%,1900,402,Melmetal,,0,62.78%,1525,96.23%,60400,454,Melmetal,,0,41.03%,2416,91.38%,14200,14,Meltan,,0,
31,Meltan,,808,,246,57,5,10,14,64.4,9.0,9.0,,,,"2023-02-01 15:20","2023-02-01 15:20",2/1/2023,,,0,0,0,0,36.43%,2604,94.10%,15600,420,Melmetal,,0,83.83%,663,97.21%,72000,471,Melmetal,,0,84.88%,620,94.64%,27600,32,Meltan,,0,
32,Meltan,,808,,524,84,5,10,15,66.7,19.0,19.0,,,,"2023-02-01 15:20","2023-02-01 15:20",2/1/2023,,,0,0,0,2200,78.71%,873,88.43%,480000,252,Meltan,,0,91.23%,360,97.73%,40000,435,Melmetal,,0,,,,,,,,,
33,Fomantis,,753,♂,172,50,14,7,7,62.2,9.0,9.0,Razor Leaf,Leaf Blade,,"2023-02-01 15:20","2023-02-01 15:19",2/1/2023,1.77kg,0.32m,0,0,0,1000,42.83%,2342,94.63%,54000,106,Lurantis,,0,32.48%,2766,93.84%,426000,338,Lurantis,,0,6.57%,3827,87.56%,72000,71,Fomantis,,0,
34,Sudowoodo,,185,♂,388,63,6,10,10,57.8,7.0,7.0,,,,"2023-02-01 15:19","2023-02-01 15:19",2/1/2023,28.66kg,092m,0,0,0,800,44.84%,2260,94.58%,79200,78,Sudowoodo,,0,63.76%,1485,89.62%,515200,292,Sudowoodo,,0,35.02%,2662,90.74%,2400,3,Sudowoodo,,0,
35,Beldum,,374,,497,72,13,3,1,37.8,20.0,20.0,,,,"2023-02-01 15:19","2023-02-01 11:13",1/31/2023,,,0,0,0,2500,5.42%,3874,92.13%,161000,185,Metang,,0,10.67%,3659,93.91%,27500,150,Metagross,,0,10.48%,3667,89.01%,0,0,Beldum,,0,
36,Beldum,,374,,245,50,8,14,0,48.9,10.0,10.0,Take Down,Struggle,,"2023-02-01 15:19","2023-02-01 11:13",1/31/2023,147.18kg,0.69m,0,0,0,1000,40.73%,2428,94.47%,204000,233,Metang,,0,52.33%,1953,95.79%,62500,188,Metagross,,0,47.91%,2134,92.29%,2000,27,Metang,,0,
37,Minun,,312,♀,708,87,12,13,15,88.9,15.0,15.0,Quick Attack,Thunderbolt,,"2023-02-01 15:19","2023-02-01 11:13",1/31/2023,5.02kg,0.43m,0,0,0,1900,61.68%,1570,95.30%,137400,126,Minun,,0,98.63%,57,96.96%,496400,268,Minun,,0,,,,,,,,,
38,Marill,,183,♀,106,75,8,6,6,44.4,10.0,10.0,Bubble,Bubble Beam,,"2023-02-01 15:19","2023-02-01 11:13",1/31/2023,8.4kg,0.4m,0,0,0,8000,39.93%,2461,93.86%,336000,311,Azumarill,,0,44.05%,2292,86.28%,510000,311,Azumarill,,0,37.63%,2555,91.29%,4600,31,Azumarill,,0,
39,Shinx,,403,♀,479,85,12,12,15,86.7,20.0,20.0,,,,"2023-02-01 15:19","2023-02-01 15:19",1/31/2023,10.45kg,9.51m,0,0,0,2500,72.77%,1116,94.92%,289000,273,Luxio,,0,51.58%,1984,95.98%,91000,205,Luxray,,0,50.79%,2016,92.34%,2500,2,Shinx,,0,
40,Ponyta,Normal,77,♀,896,86,7,13,7,60.0,20.0,20.0,Ember,Flame Charge,,"2023-02-01 15:18","2023-02-01 11:12",1/31/2023,48.14kg,1.24m,0,0,0,2500,57.63%,1736,94.92%,14000,63,Rapidash,Normal,0,74.82%,1032,96.73%,376000,298,Rapidash,Normal,0,,,,,,,,,
41,Ponyta,Normal,77,♀,820,83,8,12,11,68.9,18.0,18.0,,,,"2023-02-01 15:18","2023-02-01 11:12",1/31/2023,,,0,0,0,2500,74.46%,1047,96.06%,154400,148,Ponyta,Normal,0,64.52%,1454,96.23%,346400,306,Rapidash,Normal,0,,,,,,,,,
42,Grimer,Normal,88,♂,238,69,1,14,9,53.3,7.0,7.0,Poison Jab,Mud Bomb,,"2023-02-01 15:18","2023-02-01 11:12",1/31/2023,30.61kg,0.84m,0,0,0,800,93.92%,250,97.98%,42700,96,Muk,Normal,0,97.29%,112,98.63%,245200,312,Muk,Normal,0,96.39%,149,97.15%,0,50,Muk,Normal,0,
43,Stantler,,234,♀,862,92,10,12,1,51.1,15.0,15.0,Tackle,Stomp,,"2023-02-01 15:18","2023-02-01 11:12",1/31/2023,136.24kg,1.93m,0,0,0,1900,57.61%,1737,95.29%,60400,54,Stantler,,0,35.63%,2637,95.53%,208400,264,Wyrdeer,,0,,,,,,,,,
44,Blitzle,,522,♂,490,80,15,15,7,82.2,20.0,20.0,,,,"2023-02-01 15:18","2023-02-01 11:12",1/31/2023,46.31kg,9.98m,0,0,0,2500,55.85%,1809,95.38%,11000,60,Zebstrika,,0,62.27%,1546,95.83%,313000,298,Zebstrika,,0,21.76%,3205,90.05%,0,0,Blitzle,,0,
45,Numel,,322,♀,367,79,11,11,10,71.1,13.0,13.0,,,,"2023-02-01 15:18","2023-02-01 11:11",1/31/2023,,,0,1,0,0,70.13%,1224,95.62%,70568,130,Camerupt,,1,97.31%,111,95.86%,402600,258,Camerupt,,2,56.53%,1781,93.06%,19444,27,Numel,,1,
46,Blitzle,,522,♀,471,84,,,,86.7,19.5,19.5,Quick Attack,Flame Charge,,"2023-02-01 15:18","2023-02-01 15:18",,32.95kg,0.87m,0,0,0,2500,74.84%,947,96.40%,13500,62,Zebstrika,,0,74.46%,964,96.55%,315500,300,Zebstrika,,0,69.67%,1119,93.81%,5000,4,Blitzle,,0,
47,Blitzle,,522,♀,471,84,,,,86.7,19.5,19.5,,,,"2023-02-01 15:18","2023-02-01 15:18",,32.95kg,987m,0,0,0,2500,74.84%,947,96.40%,13500,62,Zebstrika,,0,74.46%,964,96.55%,315500,300,Zebstrika,,0,69.67%,1119,93.81%,5000,4,Blitzle,,0,
48,Blitzle,,522,♀,339,73,10,5,14,64.4,15.0,15.0,,,,"2023-02-01 15:18","2023-02-01 11:11",1/31/2023,,,0,0,0,0,19.05%,3316,93.64%,35400,83,Zebstrika,,0,56.70%,1774,95.55%,410400,318,Zebstrika,,0,41.83%,2383,91.60%,32400,30,Blitzle,,0,
49,Ferroseed,,597,♀,301,65,4,12,10,57.8,13.0,13.0,Tackle,Iron Head,,"2023-02-01 15:18","2023-02-01 15:18",1/31/2023,13.36kg,0.49m,0,0,0,1600,87.86%,498,96.93%,55300,103,Ferrothorn,,0,58.83%,1687,94.37%,502800,326,Ferrothorn,,0,88.67%,465,96.04%,35800,35,Ferroseed,,0,
50,Beldum,,374,,497,72,,,,53.3,19.5,19.5,Take Down,Struggle,,"2023-02-01 11:13","2023-02-01 11:13",,93.29kg,0.64m,0,0,0,2500,12.86%,2936,93.83%,139500,157,Metang,,0,17.12%,2527,95.26%,26500,149,Metagross,,0,21.31%,2538,91.51%,0,0,Beldum,,0,
51,Ponyta,Normal,77,♀,893,86,7,12,7,57.8,20.0,20.0,,,,"2023-02-01 11:12","2023-02-01 11:12",1/31/2023,,,0,0,0,2500,73.16%,1100,95.98%,169000,170,Ponyta,Normal,0,63.27%,1505,96.17%,376000,298,Rapidash,Normal,0,,,,,,,,,
52,Throh,,538,♂,406,86,13,8,10,68.9,6.0,6.0,Zen Headbutt,Focus Blast,,"2023-02-01 11:12","2023-02-01 11:12",1/31/2023,35.91kg,1.05m,0,0,0,600,17.29%,3388,93.46%,46400,50,Throh,,0,20.44%,3259,94.41%,286400,294,Throh,,0,35.68%,2635,89.96%,1200,2,Throh,,0,
53,Pupitar,,247,♂,1495,140,6,13,15,75.6,33.0,33.0,,,,"2023-01-31 17:28","2023-01-31 17:28",1/21/2023,,,0,0,0,7000,92.21%,320,97.83%,0,0,Pupitar,,0,92.38%,313,93.43%,366000,150,Pupitar,,0,,,,,,,,,
54,Gyarados,Normal,130,♂,2244,149,12,14,15,91.1,23.5,23.5,Waterfall,Twister,,"2023-01-31 16:04","2023-01-31 01:22",11/17/2022,210.76kg,6.53m,0,0,0,1000,,,,,,,,,76.80%,951,96.38%,18500,15,Gyarados,Normal,0,,,,,,,,,
55,Magikarp,,129,♀,147,58,,,,52.1,23.0,23.0,Splash,Struggle,,"2023-01-31 16:04","2023-01-31 16:04",,13.06kg,1.07m,0,0,0,3500,63.54%,1194,76.79%,458000,232,Magikarp,,0,43.78%,848,96.51%,34500,430,Gyarados,Normal,0,63.54%,1194,76.79%,458000,232,Magikarp,,0,
56,Magikarp,,129,♀,147,58,11,3,7,46.7,23.0,23.0,,,,"2023-01-31 16:03","2023-01-31 16:02",1/20/2023,13.06kg,1107m,0,0,0,3500,60.10%,1635,73.33%,458000,232,Magikarp,,0,51.26%,1997,95.34%,34500,430,Gyarados,Normal,0,60.10%,1635,73.33%,458000,232,Magikarp,,0,
57,Magikarp,,129,♂,111,47,11,13,1,55.6,17.0,17.0,,,,"2023-01-31 16:03","2023-01-31 16:02",1/24/2023,14.36kg,101m,0,0,0,2200,69.89%,1234,76.36%,488800,260,Magikarp,,0,35.97%,2623,94.77%,60800,454,Gyarados,Normal,0,69.89%,1234,76.36%,488800,260,Magikarp,,0,
58,Gyarados,Normal,130,♂,1886,135,15,1,8,53.3,20.5,20.5,,,,"2023-01-31 16:02","2023-01-31 16:02",7/13/2016,,,0,0,0,2500,,,,,,,,,10.62%,3661,93.50%,44500,40,Gyarados,Normal,0,,,,,,,,,
59,Ponyta,Normal,77,♂,306,51,,,,58.9,7.0,7.0,Tackle,Stomp,,"2023-01-31 16:01","2023-01-31 16:01",,22.43kg,0.84m,0,0,0,800,54.19%,254,97.56%,209200,214,Ponyta,Normal,0,56.38%,89,98.67%,416200,342,Rapidash,Normal,0,68.40%,180,97.03%,7200,8,Ponyta,Normal,0,
60,Ponyta,Normal,77,♀,306,50,9,10,7,57.8,7.0,7.0,,,,"2023-01-31 16:01","2023-01-31 16:01",1/27/2023,,,0,0,0,800,40.88%,2422,94.17%,54200,107,Rapidash,Normal,0,58.34%,1707,95.96%,416200,342,Rapidash,Normal,0,58.02%,1720,93.34%,7200,8,Ponyta,Normal,0,
61,Ponyta,Normal,77,♂,716,78,14,13,14,91.1,15.0,15.0,Ember,Flame Charge,,"2023-01-31 16:00","2023-01-31 01:23",1/26/2023,13.51kg,0.86m,0,0,0,1900,68.38%,1296,95.42%,29400,77,Rapidash,Normal,0,55.92%,1806,95.86%,288400,318,Rapidash,Normal,0,,,,,,,,,
62,Ponyta,Normal,77,♂,406,59,5,15,12,71.1,9.0,9.0,Ember,Flame Wheel,,"2023-01-31 16:00","2023-01-31 15:59",1/20/2023,20.47kg,0.79m,0,0,0,1000,97.31%,111,97.78%,51000,103,Rapidash,Normal,0,,,,,,,,,,,,,,,,,G
63,Ponyta,Normal,77,♀,413,58,11,12,10,73.3,9.0,9.0,Tackle,Stomp,,"2023-01-31 15:59","2023-01-31 15:59",1/21/2023,47.04kg,1.2m,0,0,0,1000,57.31%,1749,95.22%,174000,170,Ponyta,Normal,0,65.89%,1398,96.29%,362000,338,Rapidash,Normal,0,29.87%,2873,91.41%,3000,3,Ponyta,Normal,0,
64,Ponyta,Normal,77,♀,588,72,11,4,13,62.2,13.0,13.0,,,,"2023-01-31 15:58","2023-01-31 15:58",1/21/2023,,,0,0,0,1600,62.76%,1526,95.15%,41800,91,Rapidash,Normal,0,35.46%,2644,94.99%,377800,326,Rapidash,Normal,0,,,,,,,,,
65,Ponyta,Normal,77,♀,783,80,14,7,10,68.9,17.0,17.0,,,,"2023-01-31 15:58","2023-01-31 15:58",1/24/2023,,,0,0,0,2200,25.20%,3064,93.43%,24800,72,Rapidash,Normal,0,31.75%,2796,94.81%,338800,310,Rapidash,Normal,0,,,,,,,,,
66,Ponyta,Normal,77,♀,667,77,4,10,13,60.0,15.0,15.0,Ember,Stomp,,"2023-01-31 15:57","2023-01-31 15:57",1/21/2023,43.93kg,1.09m,0,0,0,1900,79.41%,844,96.34%,190400,190,Ponyta,Normal,0,96.07%,162,98.37%,410400,318,Rapidash,Normal,0,,,,,,,,,
67,Ponyta,Normal,77,♂,842,83,11,4,7,48.9,19.0,19.0,Ember,Flame Wheel,,"2023-01-31 15:56","2023-01-31 15:56",1/24/2023,46.24kg,1.23m,0,0,0,2500,17.39%,3384,93.19%,183000,186,Ponyta,Normal,0,29.52%,2887,94.71%,394000,302,Rapidash,Normal,0,,,,,,,,,
68,Sandshrew,Alola,27,♀,149,40,4,5,4,28.9,5.0,5.0,Metal Claw,Gyro Ball,,"2023-01-31 15:56","2023-01-31 15:55",11/25/2022,41.68kg,0.73m,0,0,0,600,72.50%,1127,95.97%,66600,120,Sandslash,Alola,0,23.59%,3130,94.17%,517600,346,Sandslash,Alola,0,70.13%,1224,93.33%,4000,56,Sandslash,Alola,0,
69,Chimchar,,390,♂,739,96,15,7,7,64.4,29.0,29.0,Ember,Flamethrower,,"2023-01-31 15:55","2023-01-31 15:55",1/21/2023,6.97kg,0.52m,0,0,0,5000,7.79%,3777,92.20%,170000,215,Monferno,,0,6.84%,3816,93.87%,122000,261,Infernape,,0,,,,,,,,,
70,Sableye,,302,♂,624,78,15,12,14,91.1,15.0,15.0,Feint Attack,Power Gem,,"2023-01-31 15:54","2023-01-31 01:25",11/18/2022,10.7kg,0.5m,0,0,0,1900,54.29%,1873,93.50%,288400,268,Sableye,,0,99.10%,38,97.24%,496400,268,Sableye,,0,,,,,,,,,
71,Sableye,,302,♂,301,55,3,12,12,60.0,8.0,8.0,Feint Attack,Frustration,,"2023-01-31 15:54","2023-01-31 15:53",11/24/2022,8.11kg,0.46m,0,1,0,961,97.53%,102,97.73%,598338,378,Sableye,,1,89.30%,439,92.24%,404600,215,Sableye,,2,94.60%,222,96.63%,12966,24,Sableye,,1,
72,Onix,,95,♂,387,59,12,7,13,71.1,13.0,13.0,,,,"2023-01-31 15:52","2023-01-31 15:52",11/25/2022,,,0,1,0,1921,46.62%,2187,94.23%,50167,110,Steelix,Normal,1,56.12%,1798,95.29%,256800,258,Steelix,Normal,2,31.65%,2800,90.50%,14524,21,Onix,,1,
73,Voltorb,Normal,100,,386,64,10,8,4,48.9,15.0,15.0,Spark,Discharge,,"2023-01-31 15:50","2023-01-31 15:50",11/20/2022,10.1kg,0.52m,0,0,0,1900,46.37%,2197,94.39%,68400,112,Electrode,Normal,0,45.84%,2219,87.78%,496400,318,Electrode,Normal,0,18.19%,3351,90.31%,16400,16,Voltorb,Normal,0,
74,Voltorb,Normal,100,,309,55,9,13,1,51.1,12.0,12.0,Spark,Gyro Ball,,"2023-01-31 15:50","2023-01-31 15:50",11/18/2022,9.15kg,0.43m,0,0,0,1300,53.28%,1914,94.72%,77400,124,Electrode,Normal,0,51.23%,1998,88.36%,505400,330,Electrode,Normal,0,22.86%,3160,90.72%,25400,28,Voltorb,Normal,0,
75,Voltorb,Hisuian,100,,246,53,14,7,13,75.6,9.0,9.0,Tackle,Thunderbolt,,"2023-01-31 15:49","2023-01-31 15:49",11/22/2022,11.08kg,0.49m,0,0,0,1000,34.92%,2666,94.17%,68000,118,Electrode,Hisuian,0,92.89%,292,94.64%,512000,338,Electrode,Hisuian,0,31.06%,2824,91.35%,27600,32,Voltorb,Hisuian,0,
76,Voltorb,Normal,100,,223,49,4,12,5,46.7,9.0,9.0,Spark,Discharge,,"2023-01-31 15:49","2023-01-31 15:49",11/22/2022,7.78kg,0.48m,0,0,0,1000,89.08%,448,96.77%,88500,136,Electrode,Normal,0,42.71%,2347,87.43%,512000,338,Electrode,Normal,0,88.28%,481,95.89%,37000,40,Voltorb,Normal,0,
77,Slugma,,218,♀,532,86,,,,67.4,23.0,23.0,Ember,Flame Charge,,"2023-01-31 15:48","2023-01-31 15:48",,28kg,0.71m,0,0,0,3500,54.42%,874,96.41%,136000,184,Magcargo,,0,84.85%,589,92.20%,458000,282,Magcargo,,0,,,,,,,,,
78,Slugma,,218,♂,366,67,15,10,11,80.0,15.0,15.0,,,,"2023-01-31 15:47","2023-01-31 15:47",1/29/2023,,,0,0,0,1900,13.09%,3560,92.69%,130400,168,Magcargo,,0,96.09%,161,95.27%,496400,318,Magcargo,,0,13.85%,3529,89.61%,21400,20,Slugma,,0,
79,Slugma,,218,♀,197,53,6,4,13,51.1,9.0,9.0,,,,"2023-01-31 15:47","2023-01-31 15:47",1/20/2023,,,0,0,0,1000,65.98%,1394,95.66%,215000,272,Magcargo,,0,60.22%,1630,88.43%,512000,338,Magcargo,,0,68.30%,1299,93.73%,51000,53,Slugma,,0,
80,Slugma,,218,♂,305,62,15,15,14,97.8,12.0,12.0,,,,"2023-01-31 15:47","2023-01-31 01:31",1/21/2023,,,0,0,0,1300,27.25%,2980,93.57%,121400,162,Magcargo,,0,99.93%,4,99.21%,505400,330,Magcargo,,0,71.21%,1180,93.96%,27900,30,Slugma,,0,
81,Slugma,,218,♀,532,86,6,10,15,68.9,23.0,23.0,,,,"2023-01-31 15:46","2023-01-31 15:46",1/21/2023,28kg,611m,0,0,0,3500,78.68%,874,96.41%,136000,184,Magcargo,,0,83.93%,659,91.87%,458000,282,Magcargo,,0,,,,,,,,,
82,Aerodactyl,Normal,142,♂,287,51,15,13,12,88.9,4.0,4.0,Bite,Hyper Beam,,"2023-01-31 15:46","2023-01-31 01:33",5/21/2017,60.32kg,1.69m,1,0,0,200,62.76%,1526,95.74%,19200,46,Aerodactyl,Normal,0,52.26%,1956,96.04%,79700,156,Aerodactyl,Normal,0,78.41%,885,94.58%,1300,5,Aerodactyl,Normal,0,
83,Aerodactyl,Normal,142,♂,1234,106,15,2,6,51.1,16.5,16.5,Rock Throw,Earth Power,,"2023-01-31 15:45","2023-01-31 15:45",11/19/2022,47.08kg,1.43m,0,0,0,1900,31.09%,2823,94.33%,15700,14,Aerodactyl,Normal,0,0.73%,4066,92.90%,176700,174,Aerodactyl,Normal,0,,,,,,,,,
84,Aerodactyl,Normal,142,♂,351,56,11,7,5,51.1,5.0,5.0,Steel Wing,Iron Head,,"2023-01-31 15:44","2023-01-31 15:44",1/26/2023,31.85kg,1.31m,0,0,0,600,41.25%,2407,94.80%,42600,48,Aerodactyl,Normal,0,22.34%,3181,94.87%,211600,218,Aerodactyl,Normal,0,13.21%,3555,87.05%,1800,3,Aerodactyl,Normal,0,
85,Marill,,183,♀,63,57,9,7,6,48.9,6.0,6.0,,,,"2023-01-31 15:43","2023-01-31 15:43",1/24/2023,,,0,0,0,600,35.12%,2658,93.56%,319400,319,Azumarill,,0,54.48%,1865,87.55%,516400,319,Azumarill,,0,56.63%,1777,92.63%,11000,39,Azumarill,,0,
86,Marill,,183,♂,20,30,15,14,10,86.7,2.0,2.0,Tackle,Body Slam,,"2023-01-31 15:43","2023-01-31 01:37",12/1/2022,7.44kg,0.37m,0,0,0,200,26.89%,2995,93.04%,213600,249,Azumarill,,0,99.10%,38,97.42%,519600,327,Azumarill,,0,98.63%,57,97.37%,461600,302,Marill,,0,
87,Dratini,,147,♂,294,62,5,1,13,42.2,12.0,12.0,,,,"2023-01-31 15:41","2023-01-31 15:41",10/24/2016,,,0,0,0,1300,65.35%,1420,95.78%,183400,207,Dragonair,,0,33.28%,2733,94.81%,57900,182,Dragonite,,0,49.28%,2078,92.76%,30400,32,Dratini,,0,
88,Makuhita,,296,♀,173,71,13,10,14,82.2,8.0,8.0,,,,"2023-01-31 15:40","2023-01-31 01:39",11/26/2022,,,0,1,0,961,66.50%,1373,95.68%,40330,110,Hariyama,,1,50.43%,2031,95.82%,67800,112,Hariyama,,2,43.30%,2323,91.26%,63133,84,Makuhita,,1,
89,Makuhita,,296,♂,106,57,0,7,3,22.2,6.0,6.0,Rock Smash,Cross Chop,,"2023-01-31 15:40","2023-01-31 15:39",11/22/2022,70.84kg,0.92m,0,0,0,600,48.86%,2095,94.83%,43900,98,Hariyama,,0,79.54%,839,97.09%,256400,329,Hariyama,,0,88.11%,488,95.35%,88400,88,Makuhita,,0,
90,Makuhita,,296,♂,163,66,9,11,2,48.9,8.0,8.0,Tackle,Frustration,,"2023-01-31 15:40","2023-01-31 15:39",1/21/2023,56.81kg,0.83m,0,1,0,800,43.00%,2335,94.56%,43330,113,Hariyama,,1,60.76%,1608,96.23%,92100,142,Hariyama,,2,55.19%,1836,92.16%,75134,96,Makuhita,,1,
91,Makuhita,,296,♂,266,85,13,13,8,75.6,12.0,12.0,,,,"2023-01-31 15:39","2023-01-31 15:39",11/13/2022,56.92kg,987m,0,0,0,1300,70.23%,1220,95.86%,25400,78,Hariyama,,0,55.48%,1824,96.01%,146400,188,Hariyama,,0,57.66%,1735,92.36%,44400,45,Makuhita,,0,
92,Sunkern,,191,♂,110,48,15,13,13,91.1,10.0,10.0,Cut,Seed Bomb,,"2023-01-31 15:38","2023-01-31 01:38",11/23/2022,1.75kg,0.28m,0,0,0,1000,37.51%,2560,94.20%,62500,113,Sunflora,,0,99.44%,24,98.07%,510000,336,Sunflora,,0,99.39%,26,95.16%,510000,286,Sunkern,,0,
93,Duskull,,355,♂,359,58,9,4,13,57.8,20.0,20.0,Hex,Night Shade,,"2023-01-31 15:37","2023-01-31 15:37",11/23/2022,12.15kg,0.77m,0,0,0,2500,49.13%,2084,94.64%,245000,273,Dusclops,,0,84.93%,618,96.44%,431000,373,Dusknoir,,0,40.12%,2453,90.38%,51500,46,Duskull,,0,
94,Linoone,Normal,264,♀,440,81,11,6,8,55.6,10.0,10.0,,,,"2023-01-31 15:35","2023-01-31 15:35",11/20/2022,,,0,0,0,1000,31.43%,2809,93.74%,222000,232,Linoone,Normal,0,63.42%,1499,88.60%,510000,286,Linoone,Normal,0,9.60%,3703,89.58%,2000,2,Linoone,Normal,0,
95,Linoone,Normal,264,♂,855,115,3,4,2,20.0,21.0,21.0,Shadow Claw,Dig,,"2023-01-31 15:35","2023-01-31 15:35",11/20/2022,33.87kg,0.51m,0,0,0,3000,61.88%,1562,95.33%,308000,244,Linoone,Normal,0,4.76%,3901,79.67%,470000,244,Linoone,Normal,0,,,,,,,,,
96,Aron,,304,♀,158,40,13,1,1,33.3,5.0,5.0,Metal Claw,Body Slam,,"2023-01-31 15:33","2023-01-31 15:32",12/1/2022,36.5kg,0.31m,0,0,0,600,1.98%,4015,91.40%,35400,167,Aggron,Normal,0,1.86%,4020,93.08%,145600,265,Aggron,Normal,0,6.03%,3849,87.43%,5600,33,Lairon,,0,
97,Lairon,,305,♀,808,81,12,3,2,37.8,15.0,15.0,Iron Tail,Rock Tomb,,"2023-01-31 15:32","2023-01-31 15:32",1/29/2023,206.76kg,1.09m,0,0,0,1900,3.05%,3971,91.67%,14200,114,Aggron,Normal,0,3.61%,3948,93.36%,124400,212,Aggron,Normal,0,,,,,,,,,
98,Aron,,304,♂,543,75,9,10,5,53.3,16.0,16.0,,,,"2023-01-31 15:32","2023-01-31 15:32",12/1/2022,,,0,0,0,1900,61.64%,1572,95.06%,69100,87,Lairon,,0,35.58%,2639,95.20%,114600,227,Aggron,Normal,0,,,,,,,,,
99,Medicham,,308,♂,973,112,10,13,13,80.0,25.0,25.0,Psycho Cut,Ice Punch,,"2023-01-31 15:31","2023-01-31 15:31",12/3/2022,26.89kg,1.12m,0,0,0,4000,96.02%,164,97.58%,372000,220,Medicham,,0,95.12%,201,94.50%,444000,220,Medicham,,0,,,,,,,,,
100,Purrloin,,509,♂,133,45,0,4,1,11.1,8.0,8.0,,,,"2023-01-31 15:28","2023-01-31 15:28",11/23/2022,10.13kg,0139m,0,1,0,800,68.82%,1278,95.99%,249138,332,Liepard,,1,11.36%,3631,80.75%,400600,256,Liepard,,2,78.02%,901,94.24%,130334,147,Purrloin,,1,
101,Purrloin,,509,♀,143,48,4,4,9,37.8,8.0,8.0,Scratch,Frustration,,"2023-01-31 15:27","2023-01-31 15:27",11/22/2022,8.5kg,,0,1,0,800,75.29%,1013,96.34%,65800,110,Liepard,,2,51.01%,2007,86.65%,400600,256,Liepard,,2,81.34%,765,94.56%,108134,127,Purrloin,,1,
102,Psyduck,,54,♀,431,74,14,13,12,86.7,14.0,14.0,Zen Headbutt,Psybeam,,"2023-01-31 15:26","2023-01-31 01:40",11/17/2022,30.78kg,0.98m,0,0,0,1600,38.68%,2512,94.61%,32600,81,Golduck,,0,59.15%,1674,96.20%,313600,322,Golduck,,0,36.53%,2600,91.88%,7000,8,Psyduck,,0,
103,Koffing,,109,♂,503,69,11,15,14,88.9,15.0,15.0,Tackle,Dark Pulse,,"2023-01-31 15:25","2023-01-31 01:40",11/22/2022,1.26kg,0.61m,0,0,0,1900,38.88%,2504,94.11%,38400,86,Weezing,Normal,0,99.46%,23,99.09%,466400,318,Weezing,Normal,0,,,,,,,,,
104,Koffing,,109,♂,684,80,14,14,14,93.3,20.0,20.0,Tackle,Sludge,,"2023-01-31 15:24","2023-01-31 01:25",11/12/2016,1.18kg,0.63m,1,0,0,1250,61.86%,1563,95.19%,8500,66,Weezing,Normal,0,95.04%,204,97.77%,201500,298,Weezing,Normal,0,,,,,,,,,
105,Starmie,,121,,1096,86,14,15,13,93.3,15.0,15.0,Hidden Power,Thunder,,"2023-01-31 15:23","2023-01-31 15:23",1/20/2023,75.21kg,1.02m,0,0,0,1900,81.64%,753,96.52%,23900,22,Starmie,,0,38.66%,2513,95.39%,208400,214,Starmie,,0,,,,,,,,,
106,Staryu,,120,,489,60,15,13,14,93.3,15.0,15.0,Water Gun,Bubble Beam,,"2023-01-31 15:22","2023-01-31 01:40",11/17/2022,54.15kg,17m,0,0,0,1900,9.72%,3698,92.71%,21400,70,Starmie,,0,43.54%,2313,95.59%,208400,264,Starmie,,0,46.79%,2180,92.50%,0,0,Staryu,,0,
107,Meowth,Alola,52,♂,316,68,10,11,12,73.3,15.0,15.0,Scratch,Foul Play,,"2023-01-31 15:20","2023-01-31 15:20",11/25/2022,5.13kg,0.46m,0,0,0,1900,56.36%,1788,95.21%,118400,156,Persian,Alola,0,91.06%,367,93.27%,496400,318,Persian,Alola,0,57.29%,1750,92.60%,41900,39,Meowth,Alola,0,
108,Stunfisk,Galarian,618,♀,1194,151,10,15,14,86.7,20.0,20.0,Metal Claw,Flash Cannon,,"2023-01-31 15:19","2023-01-31 01:44",11/25/2022,18.42kg,0.65m,0,0,0,2500,74.92%,1028,96.10%,31000,28,Stunfisk,Galarian,0,97.61%,99,96.40%,475000,248,Stunfisk,Galarian,0,,,,,,,,,
109,Graveler,Normal,75,♂,164,37,10,15,13,84.4,3.5,3.5,Mud-Slap,,,"2023-01-31 15:18","2023-01-31 15:16",8/20/2016,106.08kg,1.04m,0,0,0,400,75.02%,1024,96.26%,104300,105,Graveler,Normal,0,66.25%,1383,96.55%,123800,221,Golem,Normal,0,89.74%,421,95.48%,7800,12,Graveler,Normal,0,
110,Geodude,Alola,74,♀,709,80,10,13,15,84.4,20.0,20.0,Rock Throw,Rock Tomb,,"2023-01-31 15:13","2023-01-31 01:23",11/26/2022,24.49kg,0.41m,0,0,0,2500,70.99%,1189,96.03%,60500,79,Graveler,Alola,0,59.51%,1659,96.29%,80000,195,Golem,Alola,0,,,,,,,,,
111,Bulbasaur,,1,♂,623,82,10,15,6,68.9,21.0,21.0,Vine Whip,Sludge Bomb,,"2023-01-31 15:11","2023-01-31 15:09",12/1/2022,8.16kg,0.83m,0,0,0,3000,69.72%,1241,96.22%,140000,161,Ivysaur,,0,44.08%,2291,95.79%,164000,291,Venusaur,Normal,0,,,,,,,,,
112,Ivysaur,,2,♂,21,15,0,13,9,48.9,1.0,1.0,Razor Leaf,,,"2023-01-31 15:10","2023-01-31 15:09",8/2/2016,15.94kg,1.08m,0,0,0,200,99.37%,27,99.15%,260000,289,Ivysaur,,0,97.44%,106,98.70%,280000,404,Venusaur,Normal,0,98.36%,68,97.99%,13300,22,Ivysaur,,0,
113,Ivysaur,,2,♂,1173,112,12,12,13,82.2,25.0,25.0,Tackle,Power Whip,,"2023-01-31 15:10","2023-01-31 01:22",1/21/2023,7.6kg,0.67m,0,0,0,4000,44.03%,2293,94.91%,85000,78,Ivysaur,,0,57.48%,1742,96.35%,122000,222,Venusaur,Normal,0,,,,,,,,,
114,Eevee,,133,♂,13,14,11,8,5,53.3,1.0,1.0,Quick Attack,Dig,,"2023-01-31 15:07","2023-01-31 01:26",1/24/2023,8.48kg,0.33m,0,0,0,200,54.95%,1846,94.76%,35600,73,Sylveon,,0,42.27%,2365,95.71%,136000,161,Flareon,,0,85.05%,613,95.44%,4200,36,Leafeon,,0,
115,Jolteon,,135,♂,1143,88,13,15,14,93.3,14.0,14.0,Volt Switch,Discharge,,"2023-01-31 15:05","2023-01-31 01:22",11/19/2022,37.71kg,1.01m,0,0,0,1600,44.40%,2278,94.28%,15200,16,Jolteon,,0,67.08%,1349,96.18%,109600,98,Jolteon,,0,,,,,,,,,
116,Umbreon,,197,♂,1060,133,5,8,14,60.0,19.0,19.0,Feint Attack,Dark Pulse,,"2023-01-31 15:05","2023-01-31 15:05",11/22/2022,23.11kg,0.98m,0,0,0,2500,68.64%,1285,95.62%,48000,42,Umbreon,,0,60.95%,1600,89.89%,480000,252,Umbreon,,0,,,,,,,,,
117,Espeon,,196,♀,888,74,0,4,5,20.0,11.0,11.0,,,,"2023-01-31 15:05","2023-01-31 01:26",11/22/2022,,,0,0,0,1300,85.62%,590,96.57%,25800,30,Espeon,,0,66.96%,1354,96.40%,124000,116,Espeon,,0,,,,,,,,,
118,Eevee,,133,♂,682,95,13,13,0,57.8,24.0,24.0,Tackle,Swift,,"2023-01-31 15:04","2023-01-31 01:26",1/26/2023,3.94kg,0.24m,0,0,0,3500,5.30%,3879,91.40%,11000,34,Umbreon,,0,26.45%,3013,94.73%,46000,65,Glaceon,,0,,,,,,,,,
119,Flareon,,136,♂,663,64,12,14,10,80.0,8.0,8.0,Ember,Overheat,,"2023-01-31 15:04","2023-01-31 15:04",11/22/2022,27.32kg,0.91m,0,0,0,3500,35.34%,2649,93.81%,27000,32,Flareon,,0,47.72%,2142,95.90%,108600,104,Flareon,,0,,,,,,,,,
120,Sylveon,,700,♂,497,74,15,7,15,82.2,6.0,6.0,,,,"2023-01-31 15:04","2023-01-31 01:26",7/31/2016,20.82kg,013m,0,0,0,600,9.40%,3711,92.19%,27600,34,Sylveon,,0,43.66%,2308,95.61%,106400,104,Sylveon,,0,88.13%,487,95.92%,0,0,Sylveon,,0,
121,Eevee,,133,♂,443,81,14,11,12,82.2,15.0,15.0,Tackle,Swift,,"2023-01-31 15:04","2023-01-31 01:26",12/9/2022,8.45kg,0.35m,0,0,0,1900,66.98%,1353,95.31%,14200,39,Jolteon,,0,48.77%,2099,95.67%,81900,99,Glaceon,,0,10.89%,3650,89.35%,5700,6,Eevee,,0,
122,Eevee,,133,♂,243,64,7,3,15,55.6,9.0,9.0,Quick Attack,Swift,,"2023-01-31 15:03","2023-01-31 15:03",1/26/2023,5.17kg,0.28m,0,0,0,1000,80.39%,804,96.20%,25400,55,Espeon,,0,80.17%,813,96.74%,167000,187,Jolteon,,0,40.54%,2436,91.87%,27600,32,Eevee,,0,
123,Eevee,,133,♂,13,15,12,1,15,62.2,1.0,1.0,Tackle,Dig,,"2023-01-31 15:02","2023-01-31 15:02",1/21/2023,6.85kg,0.31m,0,0,0,200,69.04%,1269,95.63%,33400,71,Glaceon,,0,69.77%,1239,96.52%,110000,139,Espeon,,0,91.33%,356,95.79%,3600,35,Espeon,,0,
124,Larvitar,,246,♀,639,92,10,14,8,71.1,23.0,23.0,,,,"2023-01-31 15:00","2023-01-31 15:00",1/21/2023,,,0,0,0,3500,62.66%,1530,95.86%,86000,101,Pupitar,,0,64.10%,1471,96.34%,3500,128,Tyranitar,,0,,,,,,,,,
125,Magby,,240,♂,1029,100,11,15,14,88.9,28.0,28.0,,,,"2023-01-31 02:13","2023-01-31 02:13",12/1/2022,,,0,0,0,4500,99.24%,32,96.78%,419000,198,Magby,,0,90.40%,394,96.98%,281000,223,Magmar,,0,,,,,,,,,
126,Larvitar,,246,♂,793,108,5,10,11,57.8,30.0,30.0,Rock Smash,Stomp,,"2023-01-31 01:59","2023-01-31 01:58",1/21/2023,90.34kg,0.61m,0,0,0,5000,68.08%,1308,96.10%,55000,81,Pupitar,,0,64.96%,1436,88.62%,400000,207,Pupitar,,0,,,,,,,,,
127,Larvitar,,246,♂,771,104,7,10,8,55.6,29.0,29.0,Bite,Crunch,,"2023-01-31 01:59","2023-01-31 01:55",1/21/2023,63.19kg,0.61m,0,0,0,5000,63.30%,1504,95.89%,65000,89,Pupitar,,0,64.32%,1462,88.56%,410000,215,Pupitar,,0,,,,,,,,,
128,Larvitar,,246,♀,767,101,15,13,10,84.4,26.5,26.5,,,,"2023-01-31 01:59","2023-01-31 01:59",1/21/2023,,,0,0,0,4000,30.16%,2861,94.24%,37000,57,Pupitar,,0,97.19%,116,95.51%,432000,235,Pupitar,,0,,,,,,,,,
129,Larvitar,,246,♀,712,100,13,10,14,82.2,25.0,25.0,Rock Smash,Crunch,,"2023-01-31 01:58","2023-01-31 01:23",1/21/2023,47.66kg,0.5m,0,0,0,4000,39.95%,2460,94.74%,54000,71,Pupitar,,0,96.04%,163,94.88%,444000,245,Pupitar,,0,,,,,,,,,
130,Larvitar,,246,♀,752,100,15,13,10,84.4,26.0,26.0,Bite,Stomp,,"2023-01-31 01:58","2023-01-31 01:58",,100.81kg,0.68m,0,0,0,4000,30.16%,2861,94.24%,41000,61,Pupitar,,0,97.19%,116,95.51%,436000,239,Pupitar,,0,,,,,,,,,
131,Larvitar,,246,♂,813,104,9,12,6,60.0,30.0,30.0,,,,"2023-01-31 01:55","2023-01-31 01:55",1/21/2023,,,0,0,0,1300,40.39%,2442,94.77%,41000,65,Pupitar,,0,72.99%,1107,89.70%,400000,207,Pupitar,,0,,,,,,,,,
132,Larvitar,,246,♀,794,104,11,4,6,46.7,30.0,30.0,,,,"2023-01-31 01:55","2023-01-31 01:55",1/21/2023,,,0,0,0,0,16.36%,3426,93.44%,55000,81,Pupitar,,0,41.12%,2412,85.78%,400000,207,Pupitar,,0,,,,,,,,,
133,Larvitar,,246,♂,768,104,12,6,11,64.4,28.0,28.0,,,,"2023-01-31 01:55","2023-01-31 01:55",1/21/2023,,,0,0,0,4500,36.17%,2615,94.54%,53000,73,Pupitar,,0,74.65%,1039,89.91%,419000,223,Pupitar,,0,,,,,,,,,
134,Larvitar,,246,♂,767,101,15,13,10,84.4,26.5,26.5,,,,"2023-01-31 01:55","2023-01-31 01:55",1/21/2023,,,0,0,0,4000,30.16%,2861,94.24%,37000,57,Pupitar,,0,97.19%,116,95.51%,432000,235,Pupitar,,0,,,,,,,,,
135,Larvitar,,246,♀,691,99,14,4,12,66.7,25.0,25.0,,,,"2023-01-31 01:55","2023-01-31 01:55",1/21/2023,,,0,0,0,4000,17.90%,3363,93.55%,72000,89,Pupitar,,0,76.90%,947,90.26%,444000,245,Pupitar,,0,,,,,,,,,
136,Larvitar,,246,♀,684,97,14,4,9,60.0,25.0,25.0,,,,"2023-01-31 01:55","2023-01-31 01:55",1/21/2023,,,0,0,0,4000,9.33%,3714,92.92%,78000,95,Pupitar,,0,68.50%,1291,89.09%,444000,245,Pupitar,,0,,,,,,,,,
137,Larvitar,,246,♂,673,95,15,14,12,91.1,23.0,23.0,Bite,Stomp,,"2023-01-31 01:55","2023-01-31 01:25",1/21/2023,56.1kg,0.58m,0,0,0,3500,41.20%,2409,94.81%,58000,75,Pupitar,,0,73.41%,1090,96.74%,0,125,Tyranitar,,0,,,,,,,,,
138,Larvitar,,246,♀,652,90,14,14,5,73.3,23.0,23.0,,,,"2023-01-31 01:55","2023-01-31 01:55",1/21/2023,,,0,0,0,3500,34.33%,2690,94.45%,74000,89,Pupitar,,0,8.72%,3739,93.82%,0,125,Tyranitar,,0,,,,,,,,,
139,Larvitar,,246,♀,634,89,15,15,6,80.0,22.0,22.0,,,,"2023-01-31 01:55","2023-01-31 01:55",1/21/2023,,,0,0,0,3000,15.41%,3465,93.38%,69000,85,Pupitar,,0,21.00%,3236,94.60%,6000,131,Tyranitar,,0,,,,,,,,,
140,Larvitar,,246,♀,599,90,14,11,11,80.0,21.0,21.0,,,,"2023-01-31 01:55","2023-01-31 01:55",1/21/2023,,,0,0,0,3000,36.83%,2588,94.57%,80000,95,Pupitar,,0,31.18%,2819,95.06%,12000,137,Tyranitar,,0,,,,,,,,,
141,Larvitar,,246,♂,598,93,6,13,13,71.1,22.0,22.0,,,,"2023-01-31 01:55","2023-01-31 01:55",1/21/2023,,,0,0,1,3000,92.92%,291,97.90%,105000,121,Pupitar,,0,77.97%,903,96.95%,9500,134,Tyranitar,,0,,,,,,,,,
142,Larvitar,,246,♂,530,86,15,13,15,95.6,18.0,18.0,,,,"2023-01-31 01:55","2023-01-31 01:23",1/21/2023,88.7kg,9.74m,0,0,0,2200,14.07%,3520,93.29%,79400,95,Pupitar,,0,25.93%,3034,94.83%,23400,146,Tyranitar,,0,,,,,,,,,
143,Tyranitar,,248,♀,1519,119,13,14,15,93.3,14.0,14.0,Rock Smash,Stomp,,"2023-01-31 01:55","2023-01-31 01:27",1/21/2023,75.5kg,0.68m,0,0,0,1600,,,,,,,,,84.00%,656,97.28%,41600,40,Tyranitar,,0,,,,,,,,,
144,Larvitar,,246,♀,169,47,15,14,12,91.1,6.0,6.0,,,,"2023-01-31 01:55","2023-01-31 01:42",1/21/2023,,,0,0,0,600,41.20%,2409,94.81%,116400,137,Pupitar,,0,73.41%,1090,96.74%,58400,187,Tyranitar,,0,76.41%,967,94.15%,6400,33,Pupitar,,0,
145,Nihilego,,793,,2281,153,13,14,13,88.9,20.5,20.5,Pound,Power Gem,,"2023-01-31 01:45","2023-01-31 01:21",11/25/2022,57.43kg,1.23m,0,0,0,2500,,,,,,,,,18.73%,3329,94.32%,8500,8,Nihilego,,0,,,,,,,,,
146,Blaziken,Normal,257,♂,1595,121,12,14,13,86.7,20.0,20.0,Fire Spin,,,"2023-01-31 01:44","2023-01-31 01:22",12/3/2022,53.61kg,2.03m,0,0,0,2500,,,,,,,,,72.67%,1120,96.70%,103000,92,Blaziken,Normal,0,,,,,,,,,
147,Octillery,,224,♂,976,99,14,14,12,88.9,15.0,15.0,Mud Shot,Acid Spray,,"2023-01-31 01:44","2023-01-31 01:22",11/19/2022,36.54kg,0.91m,0,0,0,1900,74.77%,1034,96.00%,38400,36,Octillery,,0,93.38%,272,97.65%,424400,268,Octillery,,0,,,,,,,,,
148,Mr. Mime,Galarian,122,♂,863,76,14,12,11,82.2,15.0,15.0,Confusion,Ice Punch,,"2023-01-31 01:44","2023-01-31 01:22",1/20/2023,43.85kg,1.33m,0,0,0,1900,52.53%,1945,94.83%,60400,54,Mr. Mime,Galarian,0,32.16%,2779,95.49%,130400,118,Mr. Rime,,0,,,,,,,,,
149,Frillish,,592,♀,697,94,12,15,13,88.9,20.0,20.0,Hex,Night Shade,,"2023-01-31 01:44","2023-01-31 01:25",11/26/2022,33.74kg,1.04m,0,0,0,2500,24.37%,3098,93.66%,14000,63,Jellicent,,0,94.99%,206,97.99%,389000,298,Jellicent,,0,,,,,,,,,
150,Bergmite,,712,♂,665,96,10,14,15,86.7,20.0,20.0,Bite,Crunch,,"2023-01-31 01:44","2023-01-31 01:23",1/20/2023,72.43kg,0.97m,0,0,0,2500,97.88%,88,95.50%,475000,248,Bergmite,,0,84.00%,656,97.37%,56000,100,Avalugg,Normal,0,,,,,,,,,
151,Wailmer,,320,♀,659,154,15,13,12,88.9,16.0,16.0,Water Gun,Body Slam,,"2023-01-31 01:44","2023-01-31 01:25",12/12/2022,190.42kg,2.42m,1,0,0,950,69.40%,1254,94.24%,153300,264,Wailmer,,0,94.36%,232,97.48%,224300,664,Wailord,,0,,,,,,,,,
152,Popplio,,728,♂,626,87,15,12,10,82.2,20.0,20.0,Pound,Water Pulse,,"2023-01-31 01:44","2023-01-31 01:23",11/24/2022,8.66kg,0.4m,0,0,0,2500,39.02%,2498,94.45%,60500,79,Brionne,,0,20.63%,3251,94.61%,51500,171,Primarina,,0,,,,,,,,,
153,Rowlet,,722,♂,591,106,14,15,10,86.7,20.0,20.0,Tackle,Seed Bomb,,"2023-01-31 01:44","2023-01-31 01:25",11/25/2022,1.69kg,0.3m,0,0,0,2500,43.66%,2308,94.40%,97000,111,Dartrix,,0,56.34%,1789,96.36%,123000,239,Decidueye,Normal,0,,,,,,,,,
154,Magby,,240,♂,553,73,14,11,15,88.9,15.0,15.0,Ember,Brick Break,,"2023-01-31 01:44","2023-01-31 01:25",11/22/2022,28.14kg,0.8m,0,0,0,1900,98.68%,55,95.91%,496400,268,Magby,,0,68.06%,1309,95.41%,346400,293,Magmar,,0,,,,,,,,,
155,Meowth,Galarian,52,♀,515,85,13,12,14,86.7,18.0,18.0,Metal Claw,Gyro Ball,,"2023-01-31 01:44","2023-01-31 01:40",11/23/2022,9.47kg,0.47m,0,0,0,2200,21.39%,3220,93.63%,20400,68,Perrserker,,0,69.91%,1233,95.48%,346400,306,Perrserker,,0,,,,,,,,,
156,Delibird,,225,♂,448,72,,,,80.4,15.0,15.0,Present,Aerial Ace,,"2023-01-31 01:44","2023-01-31 01:44",,20.13kg,0.97m,0,0,0,1900,94.68%,131,93.87%,496400,268,Delibird,,0,94.68%,131,93.87%,496400,268,Delibird,,0,42.12%,1569,93.40%,5700,6,Delibird,,0,
157,Tangela,,114,♀,427,60,15,13,9,82.2,7.0,7.0,Infestation,Solar Beam,,"2023-01-31 01:44","2023-01-31 01:26",11/20/2022,40.55kg,0.97m,0,0,0,800,58.39%,1705,95.04%,64200,66,Tangela,,0,96.12%,160,97.06%,515200,292,Tangela,,0,64.59%,1451,93.38%,1600,2,Tangela,,0,
158,Vulpix,Normal,37,♀,364,67,12,13,14,86.7,15.0,15.0,Quick Attack,Weather Ball,,"2023-01-31 01:44","2023-01-31 01:27",11/20/2022,12.28kg,0.63m,0,0,0,1900,70.16%,1223,95.80%,41900,89,Ninetales,Normal,0,97.63%,98,98.26%,466400,318,Ninetales,Normal,0,59.22%,1671,92.71%,23900,22,Vulpix,Normal,0,
159,Cottonee,,546,♀,335,76,10,12,15,82.2,18.0,18.0,Charm,Energy Ball,,"2023-01-31 01:44","2023-01-31 01:27",11/24/2022,0.53kg,0.27m,0,0,0,2200,90.96%,371,96.99%,56400,100,Whimsicott,,0,96.17%,158,95.68%,484400,306,Whimsicott,,0,43.57%,2312,90.66%,52400,46,Cottonee,,0,
160,Onix,,95,♂,328,54,11,15,12,84.4,11.0,11.0,Tackle,Iron Head,,"2023-01-31 01:44","2023-01-31 01:27",11/17/2022,184.1kg,7.59m,0,0,0,1300,18.93%,3321,92.65%,44000,96,Steelix,Normal,0,72.92%,1110,96.10%,370000,334,Steelix,Normal,0,39.54%,2477,91.18%,17300,22,Onix,,0,
161,Meditite,,307,♂,322,64,12,12,15,86.7,17.0,17.0,Rock Smash,Low Sweep,,"2023-01-31 01:44","2023-01-31 01:39",11/19/2022,12.4kg,0.65m,0,0,0,2200,91.09%,366,96.70%,376800,310,Medicham,,0,97.83%,90,96.04%,488800,310,Medicham,,0,34.41%,2687,89.90%,52800,46,Meditite,,0,
162,Wimpod,,767,♀,308,67,14,13,15,93.3,22.0,22.0,Struggle Bug,Bug Buzz,,"2023-01-31 01:44","2023-01-31 01:31",11/22/2022,8.92kg,0.41m,1,0,0,1500,99.49%,22,96.56%,232000,238,Wimpod,,0,30.65%,2841,94.88%,20250,436,Golisopod,,0,90.92%,373,94.48%,122500,238,Wimpod,,0,
163,Rattata,Alola,19,♂,304,59,12,15,13,88.9,15.0,15.0,Quick Attack,Shadow Ball,,"2023-01-31 01:44","2023-01-31 01:31",11/17/2022,3.38kg,0.27m,0,0,0,1900,56.70%,1774,95.35%,130400,143,Raticate,Alola,0,98.97%,43,97.40%,496400,293,Raticate,Alola,0,77.19%,935,94.14%,48900,45,Rattata,Alola,0,
164,Aron,,304,♂,287,55,14,13,12,86.7,8.0,8.0,Metal Claw,Body Slam,,"2023-01-31 01:44","2023-01-31 01:39",1/1/2023,54.72kg,0.35m,0,0,0,800,55.09%,1840,94.74%,77600,101,Lairon,,0,36.95%,2583,95.26%,108600,229,Aggron,Normal,0,46.50%,2192,92.61%,12400,16,Aron,,0,
165,Duskull,,355,♂,215,43,14,13,13,88.9,11.0,11.0,,,,"2023-01-31 01:43","2023-01-31 01:39",8/16/2022,,,1,0,0,650,34.53%,2682,94.15%,22000,171,Dusknoir,,0,63.59%,1492,95.09%,179000,409,Dusknoir,,0,48.42%,2113,91.17%,34000,67,Duskull,,0,
166,Larvitar,,246,♂,165,47,12,14,12,84.4,6.0,6.0,,,,"2023-01-31 01:42","2023-01-31 01:38",1/21/2023,,,0,0,0,600,53.41%,1909,95.40%,126400,145,Pupitar,,0,46.01%,2212,95.64%,58400,187,Tyranitar,,0,83.59%,673,95.05%,29800,36,Larvitar,,0,
167,Dratini,,147,♀,162,43,15,12,14,91.1,6.0,6.0,Dragon Breath,Wrap,,"2023-01-31 01:42","2023-01-31 01:38",8/20/2016,1.32kg,1.47m,0,0,0,600,19.68%,3290,93.50%,111400,133,Dragonair,,0,32.33%,2772,94.76%,58400,187,Dragonite,,0,39.19%,2491,92.06%,29800,36,Dratini,,0,
168,Munna,,517,♂,622,118,10,13,15,84.4,20.0,20.0,,,,"2023-01-31 01:40","2023-01-31 01:25",11/22/2022,,,0,0,0,2500,96.46%,146,94.24%,475000,248,Munna,,0,63.17%,1509,96.23%,153000,200,Musharna,,0,,,,,,,,,
169,Litten,,725,♂,569,84,14,10,14,84.4,20.0,20.0,,,,"2023-01-31 01:40","2023-01-31 01:23",11/24/2022,4.22kg,038m,0,0,0,2500,39.83%,2465,94.43%,109000,123,Torracat,,0,16.48%,3421,94.51%,70000,187,Incineroar,,0,,,,,,,,,
170,Jangmo-O,,782,♀,513,82,15,11,13,86.7,19.0,19.0,,,,"2023-01-31 01:40","2023-01-31 01:40",11/26/2022,,,0,0,0,2500,29.06%,2906,94.07%,114000,127,Hakamo-O,,0,30.40%,2851,94.98%,48000,167,Kommo-O,,0,,,,,,,,,
171,Snover,,459,♂,476,86,11,14,13,84.4,15.0,15.0,,,,"2023-01-31 01:40","2023-01-31 01:40",11/20/2022,,,0,0,0,1900,45.69%,2225,94.87%,35400,83,Abomasnow,Normal,0,90.40%,394,97.39%,397400,318,Abomasnow,Normal,0,60.22%,1630,93.72%,1900,2,Snover,,0,
172,Shellder,,90,♂,429,58,15,13,15,95.6,14.0,14.0,,,,"2023-01-31 01:40","2023-01-31 01:40",11/16/2022,,,0,0,0,1600,43.69%,2307,94.31%,27100,76,Cloyster,,0,28.91%,2912,94.97%,220600,280,Cloyster,,0,30.74%,2837,91.01%,7000,8,Shellder,,0,
173,Woobat,,527,♀,424,90,14,13,12,86.7,15.0,15.0,Air Slash,,,"2023-01-31 01:40","2023-01-31 01:26",11/26/2022,1.39kg,0.37m,0,0,0,1900,53.26%,1915,95.54%,124400,162,Swoobat,,0,98.39%,67,96.66%,496400,318,Swoobat,,0,38.44%,2522,91.88%,9800,10,Woobat,,0,
174,Larvitar,,246,♂,377,73,15,10,15,88.9,13.0,13.0,,,,"2023-01-31 01:39","2023-01-31 01:27",1/21/2023,,,0,0,0,1600,47.03%,2170,95.08%,107800,123,Pupitar,,0,61.78%,1566,96.24%,44800,169,Tyranitar,,0,28.38%,2934,90.98%,14000,16,Larvitar,,0,
175,Noibat,,714,♂,359,78,11,14,12,82.2,20.0,20.0,,,,"2023-01-31 01:39","2023-01-31 01:27",12/4/2022,,,0,0,0,2500,96.36%,150,92.31%,475000,248,Noibat,,0,63.96%,1477,96.55%,137000,530,Noivern,,0,48.18%,2123,91.38%,51500,46,Noibat,,0,
176,Purrloin,,509,♀,329,70,15,14,15,97.8,15.0,15.0,,,,"2023-01-31 01:39","2023-01-31 01:27",11/20/2022,,,0,0,0,1900,73.31%,1094,96.23%,81900,124,Liepard,,0,99.90%,5,99.17%,496400,318,Liepard,,0,43.96%,2296,91.51%,35400,33,Purrloin,,0,
177,Purrloin,,509,♂,324,68,14,15,12,91.1,15.0,15.0,,,,"2023-01-31 01:39","2023-01-31 01:39",11/19/2022,,,0,0,0,1900,48.67%,2103,95.02%,81900,124,Liepard,,0,99.58%,18,98.16%,496400,318,Liepard,,0,59.39%,1664,92.69%,38400,36,Purrloin,,0,
178,Scyther,,123,♂,276,47,14,11,12,82.2,4.0,4.0,,,,"2023-01-31 01:39","2023-01-31 01:28",8/29/2016,,,0,0,0,400,79.02%,860,96.61%,29600,88,Kleavor,,0,48.89%,2094,95.88%,196400,200,Scyther,,0,63.98%,1476,92.36%,2000,54,Scizor,Normal,0,
179,Voltorb,Hisuian,100,,276,56,12,11,14,82.2,10.0,10.0,,,,"2023-01-31 01:39","2023-01-31 01:28",11/19/2022,,,0,0,0,1000,57.22%,1753,95.22%,66000,116,Electrode,Hisuian,0,97.51%,103,96.37%,510000,336,Electrode,Hisuian,0,53.04%,1924,92.91%,25600,30,Voltorb,Hisuian,0,
180,Cottonee,,546,♀,273,66,14,13,14,91.1,14.0,14.0,,,,"2023-01-31 01:39","2023-01-31 01:28",11/23/2022,,,0,0,0,1600,30.84%,2833,93.61%,63600,108,Whimsicott,,0,99.56%,19,98.40%,499600,322,Whimsicott,,0,39.66%,2472,90.29%,59600,55,Cottonee,,0,
181,Paras,,46,♀,250,49,14,11,12,82.2,9.0,9.0,,,,"2023-01-31 01:39","2023-01-31 01:39",8/23/2016,,,0,0,0,1000,57.48%,1742,95.44%,102000,148,Parasect,,0,96.56%,142,95.61%,512000,338,Parasect,,0,44.79%,2262,92.34%,1000,51,Parasect,,0,
182,Zigzagoon,Galarian,263,♀,228,71,10,14,14,84.4,17.0,17.0,,,,"2023-01-31 01:39","2023-01-31 01:39",11/23/2022,,,0,0,0,2200,68.45%,1293,95.69%,158800,177,Linoone,Galarian,0,82.66%,711,97.30%,200800,331,Obstagoon,,0,95.73%,176,95.97%,350800,260,Zigzagoon,Galarian,0,
183,Sunkern,,191,♀,195,65,13,15,13,91.1,18.0,18.0,,,,"2023-01-31 01:39","2023-01-31 01:39",11/25/2022,,,0,0,0,2200,44.62%,2269,94.52%,36900,83,Sunflora,,0,99.66%,15,98.40%,484400,306,Sunflora,,0,99.39%,26,95.16%,484400,256,Sunkern,,0,
184,Cubone,,104,♂,73,31,13,14,11,84.4,3.0,3.0,,,,"2023-01-31 01:39","2023-01-31 01:38",8/23/2016,,,0,0,0,400,21.17%,3229,93.31%,109200,160,Marowak,Normal,0,97.29%,112,96.18%,519200,350,Marowak,Normal,0,29.33%,2895,90.53%,8200,63,Marowak,Normal,0,
185,Eevee,,133,♂,144,47,3,3,1,15.6,6.0,6.0,,,,"2023-01-31 01:26","2023-01-31 01:26",11/22/2022,,,0,0,0,600,75.36%,1010,95.74%,43900,73,Jolteon,,0,60.68%,1611,96.14%,150400,169,Vaporeon,,0,98.12%,78,97.94%,600,26,Glaceon,,0,
186,Eevee,,133,♂,265,67,0,15,13,62.2,10.0,10.0,,,,"2023-01-31 01:26","2023-01-31 01:26",11/18/2022,,,0,0,0,1000,,,,,,,,,100.00%,1,100%,115000,133,Vaporeon,,0,,,,,,,,,U
187,Sandshrew,Normal,27,♂,645,88,7,15,15,82.2,19.0,19.0,,,,"2023-01-31 01:25","2023-01-31 01:23",11/26/2022,,,0,0,0,2500,97.07%,121,97.70%,22000,70,Sandslash,Normal,0,99.12%,37,98.99%,408000,302,Sandslash,Normal,0,,,,,,,,,
188,Monferno,,391,♂,660,91,15,10,15,88.9,15.0,15.0,,,,"2023-01-31 01:25","2023-01-31 01:25",1/30/2023,,,0,0,0,1900,37.56%,2558,94.13%,208400,214,Monferno,,0,35.48%,2643,95.36%,174400,270,Infernape,,0,,,,,,,,,
189,Dunsparce,,206,♀,694,124,11,11,15,82.2,15.0,15.0,,,,"2023-01-31 01:25","2023-01-31 01:25",11/19/2022,,,0,0,0,1900,51.97%,1968,95.16%,151400,142,Dunsparce,,0,94.65%,220,94.54%,496400,268,Dunsparce,,0,,,,,,,,,
190,Dodrio,,85,♂,728,73,15,12,12,86.7,11.0,11.0,,,,"2023-01-31 01:22","2023-01-31 01:22",9/14/2016,,,0,0,0,1300,50.26%,2038,94.78%,47000,49,Dodrio,,0,73.87%,1071,95.66%,396000,284,Dodrio,,0,,,,,,,,,
191,Fletchinder,,662,♀,974,113,11,13,15,86.7,24.0,24.0,,,,"2023-01-31 01:22","2023-01-31 01:22",11/22/2022,,,0,0,0,3500,86.08%,571,95.81%,289000,226,Fletchinder,,0,97.97%,84,96.75%,451000,326,Talonflame,,0,,,,,,,,,
192,Archen,,566,♂,1019,94,12,13,12,82.2,20.0,20.0,,,,"2023-01-31 01:22","2023-01-31 01:22",12/4/2022,,,0,0,0,2500,37.53%,2559,94.33%,65000,58,Archen,,0,40.27%,2447,95.08%,43000,88,Archeops,,0,,,,,,,,,
193,Starmie,,121,,1093,87,15,11,14,88.9,15.0,15.0,,,,"2023-01-31 01:22","2023-01-31 01:22",11/23/2022,,,0,0,0,1900,71.38%,1173,95.95%,23900,22,Starmie,,0,55.34%,1830,96.04%,217400,226,Starmie,,0,,,,,,,,,